Company Name,IPO Type,IPO Close Date,Listing Date,Issue Price,Listing Day Opening Price,Listing Day Closing Price
Nityas Gems & Jewellery Ltd.,,,08-Oct-2026,75.0,,
Shree TNB Polymers Ltd.,,,08-Oct-2026,,,
SJP Ultrasonics Ltd.,,,08-Oct-2026,67.0,,
EverestIMS Technologies Ltd.,,,08-Oct-2026,85.0,,
Dove Soft Ltd.,,,08-Oct-2026,,,
Eventions Ltd.,,,08-Oct-2026,118.0,,
Sollfege Smart Electronics Ltd.,,,08-Oct-2026,55.0,,
Vishal Nirmiti Ltd.,,,08-Oct-2026,,,
Vans Electroengineerings Ltd.,,,07-Oct-2026,118.0,224.2,235.4
Green Asia Impex Ltd.,,,07-Oct-2026,89.0,89.0,84.55
Papadmalji Agro Foods Ltd.,,,07-Oct-2026,72.0,72.3,68.75
Black Opal Consultants Ltd.,,,07-Oct-2026,197.0,200.0,206.3
Shah Investor's Home Ltd.,Mainboard,30-Sep-2026,06-Oct-2026,167.0,171.0,173.79
Pind Hospitality Ltd.,SME,30-Sep-2026,06-Oct-2026,99.0,79.2,75.24
Shivchem Agro Ltd.,SME,30-Sep-2026,06-Oct-2026,62.0,62.0,58.9
SRIT India Ltd.,Mainboard,30-Sep-2026,06-Oct-2026,130.0,148.0,155.09
Acme Universal Safezone 9 Ltd.,SME,30-Sep-2026,06-Oct-2026,71.0,101.0,106.05
Dudani Retail Ltd.,SME,29-Sep-2026,05-Oct-2026,29.0,25.0,25.0
Sai Urja Indo Ventures Ltd.,SME,29-Sep-2026,05-Oct-2026,113.0,133.8,140.45
Bench Mark Infotech Services Ltd.,SME,29-Sep-2026,05-Oct-2026,110.0,110.0,115.5
Himalayan Solar Ltd.,SME,29-Sep-2026,05-Oct-2026,103.0,85.0,84.85
Runwal Enterprises Ltd.,Mainboard,29-Sep-2026,05-Oct-2026,305.0,305.0,301.45
Acevector Ltd.,,,05-Oct-2026,32.0,28.32,26.08
Orient Cables (India) Ltd.,Mainboard,29-Sep-2026,05-Oct-2026,272.0,450.0,405.0
German Green Steel & Power Ltd.,Mainboard,29-Sep-2026,05-Oct-2026,139.0,142.0,128.33
Roopa Screen Ltd.,SME,28-Sep-2026,01-Oct-2026,64.0,121.6,115.52
A-One Steels India Ltd.,Mainboard,28-Sep-2026,01-Oct-2026,405.0,455.0,416.55
Peshwa Wheat Ltd.,SME,28-Sep-2026,01-Oct-2026,101.0,100.05,95.05
Moneyview Ltd.,Mainboard,28-Sep-2026,01-Oct-2026,34.0,55.0,53.88
Pooja Logistics Ltd.,SME,25-Sep-2026,30-Sep-2026,115.0,118.0,123.9
Adroit Industries (India) Ltd.,Mainboard,25-Sep-2026,30-Sep-2026,134.0,235.0,248.39
Unitec Fibres Ltd.,SME,25-Sep-2026,30-Sep-2026,88.0,90.0,90.6
Swastika Infra Ltd.,Mainboard,25-Sep-2026,30-Sep-2026,185.0,200.0,210.0
ArMee Infotech Ltd.,Mainboard,25-Sep-2026,30-Sep-2026,375.0,375.0,300.0
Coreintegra Consulting Services Ltd.,SME,25-Sep-2026,30-Sep-2026,78.0,78.1,78.9
Elevate Campuses Ltd.,Mainboard,25-Sep-2026,30-Sep-2026,362.0,355.1,322.95
S.K.Offset Ltd.,SME,25-Sep-2026,30-Sep-2026,125.0,126.0,126.35
Liqvd Digital India Ltd.,SME,25-Sep-2026,30-Sep-2026,54.0,53.73,51.05
Himalaya Nutravedics India Ltd.,SME,24-Sep-2026,29-Sep-2026,106.0,118.0,122.9
Anand Seamless Ltd.,SME,24-Sep-2026,29-Sep-2026,72.0,72.1,72.1
Varmora Granito Ltd.,Mainboard,24-Sep-2026,29-Sep-2026,148.0,155.0,152.19
FX Multitech Ltd.,SME,23-Sep-2026,28-Sep-2026,116.0,123.05,129.2
Robokidz Eduventures Ltd.,SME,23-Sep-2026,28-Sep-2026,106.0,201.4,211.45
Vivekanand Cotspin Ltd.,SME,23-Sep-2026,28-Sep-2026,37.0,38.0,39.9
Axiom Gas Engineering Ltd.,SME,22-Sep-2026,25-Sep-2026,54.0,54.75,54.05
Kheria Autocomp Ltd.,SME,21-Sep-2026,24-Sep-2026,101.0,104.9,103.05
